Map,,,,,,,,,,,
Booking,Dates,Taras,Anand,Lenny,Eugene & Lydia,Nikolay,Aleksandr & Anastasiia,Kostiantyn & Tatiana,Ken & Betsy,Vinay,Peter
"Flight to Split, Arrival",9/11/2026 - 9/12/2026,"9/11/2026 8:30pm, LX8438",9/12/2026 11:15 AM,9/11/2026 2:15pm OS611,"9/12/2026 2:10pm, SN3353",9/12/2026 2:15 PM,9/10/2026 7:05,9/11/2026 10:50 PM,9/12/2026 11:10 PM,9/12/2026 11:10 PM,2026-09-14 1805 Lufthansa 4282
Hotel - Split,9/11/2026 -9/14/2026,Airbnb,Airbnb," Radisson Blu Resort & Spa, Split amx","Radisson Blu Resort & Spa, Split",Airbnb,Airbnb,https://maps.app.goo.gl/6tcYAYZsm24ZbZ9W9,"Design B&B Bacvice Arti, Split",https://maps.app.goo.gl/MPbEJwye3Az7Htcp9,https://maps.app.goo.gl/KMK5SdQrcWa9GgGx7
Hotel -  Korčula ,9/14/2026 -9/16/2026,Airbnb,Airbnb,Marko Polo Maradiso Hotel hotels.com,San Teodoro,Marko Polo Maradiso Hotel hotels.com,https://maps.app.goo.gl/N88xLgR9cPRssfSs6?g_st=ic,n/a,Marko Polo Maradiso Hotel by Aminess,https://maps.app.goo.gl/9HoRNVmqEN67ez2r6,NA
Hotel - Pelješac Peninsula/Orebić,9/16/2026 -9/19/2026,Airbnb,Airbnb,Aminess Vival Grand Azur Hotel hotels.com,Aminess Vival Grand Azur Hotel,https://maps.app.goo.gl/Mo3yMB6ruajAseUj6,Bellevue Maradiso Casa by Aminess,n/a,Aminess Vival Grand Azur Hotel hotels.com,NA,https://maps.app.goo.gl/4QD4ifVj2eomfARb6
Hotel - Dubrovnik,9/19/2026 -9/22/2026,Airbnb,Airbnb,Hotel Dubrovnik Palace hotels.com,Hotel Dubrovnik Palace,,https://maps.app.goo.gl/yhyV1DcsuAPnF1Qd6?g_st=ic,n/a,Sun Gardens Dubrovnik,https://maps.app.goo.gl/fBmT78R9ZduwMyot9,https://maps.app.goo.gl/yxArE4xL89SgT9KD7
"Flight Home, Departure",9/21/2026 -9/22/2026,"9/22/2026 8:40am, FR2489",9/22/2026 6:15 AM,9/21/2026 1pm OS624,9/21/2026 12:15pm. UA386,9/21/2026 5:45 PM,9/21/2026 21:55,n/a,9/21/2026 11:30 AM,9/21/2026 1:05 PM,2026-09-22 1100 Lufthansa 1709
,,,,,,,,,,,
,,,,,,,,,,,
,,,,,,,,,,,
,,,,,,,,,,,
,,,,,,,,,,,
,,,,,,,,,,,
,,,,,,,,,,,
,,,,,,,,,,,
,,,,,,,,,,,
,,,,,,,,,,,
,,,,,,,,,,,
,,,,,,,,,,,
,,,,,,,,,,,
,,,,,,,,,,,
,,,,,,,,,,,
,,,,,,,,,,,
,,,,,,,,,,,
,,,,,,,,,,,
,,,,,,,,,,,
,,,,,,,,,,,
,,,,,,,,,,,
,,,,,,,,,,,
,,,,,,,,,,,
,,,,,,,,,,,
,,,,,,,,,,,
,,,,,,,,,,,
,,,,,,,,,,,
,,,,,,,,,,,
,,,,,,,,,,,
,,,,,,,,,,,
,,,,,,,,,,,
,,,,,,,,,,,
,,,,,,,,,,,
,,,,,,,,,,,
,,,,,,,,,,,
,,,,,,,,,,,
,,,,,,,,,,,
,,,,,,,,,,,
,,,,,,,,,,,
,,,,,,,,,,,
,,,,,,,,,,,
Yevgeniy Rachitskiy hotels,,,,,,,,,,,
"* 9/12 - arrive at Split - Radisson Blu Resort & Spa, Split",,,,,,,,,,,
* 9/14 - leave split / arrive at Korčula - San Teodoro Boutique Hotel,,,,,,,,,,,
* 9/16 - leave Korčula / arrive at Pelješac Peninsula/Orebić - Aminess Vival Grand Azur Hotel,,,,,,,,,,,
* 9/19 - leave Pelješac Peninsula/Orebić / arrive at Dubrovnik - Hotel Dubrovnik Palace,,,,,,,,,,,
* 9/21 - leave Dubrovnik,,,,,,,,,,,